101,John Smith,CS,john.smith@example.com
102,Jane Johnson,IT,jane.johnson@school.edu
103,Ali Brown,SE,ali.brown@uni.ac.uk
104,Emma Taylor,EE,emma.taylor@tech.org
105,Noah Anderson,ME,noah.anderson@example.com
106,Olivia Thomas,CE,olivia.thomas@school.edu
107,Liam Jackson,CS,liam.jackson@uni.ac.uk
108,Ava White,IT,ava.white@tech.org
109,Sophia Harris,SE,sophia.harris@example.com
110,Lucas Martin,EE,lucas.martin@school.edu
111,Mason Lee,ME,mason.lee@uni.ac.uk
112,Ethan Walker,CE,ethan.walker@tech.org
113,Logan Hall,CS,logan.hall@example.com
114,Amelia Allen,IT,amelia.allen@school.edu
115,Isabella Young,SE,isabella.young@uni.ac.uk
116,Mia King,EE,mia.king@tech.org
117,Zoe Wright,ME,zoe.wright@example.com
118,Daniel Scott,CE,daniel.scott@school.edu
119,Leo Torres,CS,leo.torres@uni.ac.uk
120,Elijah Nguyen,IT,elijah.nguyen@tech.org
121,Chloe Hill,SE,chloe.hill@example.com
122,Aiden Green,EE,aiden.green@school.edu
123,Layla Adams,ME,layla.adams@uni.ac.uk
124,David Baker,CE,david.baker@tech.org
125,Nathan Nelson,CS,nathan.nelson@example.com
126,Grace Carter,IT,grace.carter@school.edu
127,Isaac Mitchell,SE,isaac.mitchell@uni.ac.uk
128,Jacob Perez,EE,jacob.perez@tech.org
129,Emily Roberts,ME,emily.roberts@example.com
130,Aria Turner,CE,aria.turner@school.edu
131,Abigail Phillips,CS,abigail.phillips@uni.ac.uk
132,Henry Campbell,IT,henry.campbell@tech.org
133,Luna Parker,SE,luna.parker@example.com
134,Sebastian Evans,EE,sebastian.evans@school.edu
135,Scarlett Edwards,ME,scarlett.edwards@uni.ac.uk
136,Jack Collins,CE,jack.collins@tech.org
137,Harper Stewart,CS,harper.stewart@example.com
138,Benjamin Sanchez,IT,benjamin.sanchez@school.edu
139,Ella Morris,SE,ella.morris@uni.ac.uk
140,Matthew Rogers,EE,matthew.rogers@tech.org
141,Eleanor Reed,ME,eleanor.reed@example.com
142,Michael Cook,CE,michael.cook@school.edu
143,Victoria Morgan,CS,victoria.morgan@uni.ac.uk
144,Samuel Bell,IT,samuel.bell@tech.org
145,Riley Murphy,SE,riley.murphy@example.com
146,Joseph Bailey,EE,joseph.bailey@school.edu
147,Zoey Rivera,ME,zoey.rivera@uni.ac.uk
148,Carter Cooper,CE,carter.cooper@tech.org
149,Stella Richardson,CS,stella.richardson@example.com
150,Ali Khan,IT,ali.khan@school.edu
